filename,title,created_date
000005106.mdx,DANSDBF Data Connector,2026-01-09
000005107.mdx,MongoDB ReplicaSet Connector,2026-01-09
000005112.mdx,PPO Domo Connector,2026-01-09
000005123.mdx,Denodo Connector,2026-01-09
000005169.mdx,Google Sheets Writeback Workload Identity Federation Connector,2026-01-09
000005243.mdx,LYNX Fleet Connector,2026-01-09
000005245.mdx,JIRA Cloud Writeback Connector,2026-01-09
000005248.mdx,Use Encryption to Keep Workbench Data Secure,2026-01-09
000005265.mdx,BCD Travel Connector,2026-01-09
000005274.mdx,SellerCenter Connector,2026-01-09
000005275.mdx,Zalando Connector,2026-01-09
000005281.mdx,Raiser's Edge Connector,2026-01-09
000005283.mdx,PopChart®,2026-01-09
000005337.mdx,Responsys Connector,2026-01-09
000005342.mdx,inContact CxOne Oauth Connector,2026-01-09
000005343.mdx,Clari Connector,2026-01-09
000005345.mdx,Google Campaign Manager Connector,2026-01-09
000005346.mdx,SharePoint Online Rest Certificate Auth Connector,2026-01-09
000005347.mdx,New Relic NerdGraph Connector,2026-01-09
000005348.mdx,Auth0 Connector,2026-01-09
000005350.mdx,SimilarWeb Connector,2026-01-09
000005351.mdx,RealPage Connector,2026-01-09
000005352.mdx,Freshservice V2 Connector,2026-01-09
000005355.mdx,Microsoft SQL Server Connector,2026-01-09
000005360.mdx,Connecting with the JSON No Code and JSON No Code OAuth connectors,2026-01-09
000005364.mdx,Google Search Ads 360 Enterprise Connector,2026-01-09
000005370.mdx,Google Analytics 4 Enterprise connector,2026-01-09
000005371.mdx,HipChat,2026-01-09
000005378.mdx,MQTT Connector,2026-01-09
000005381.mdx,Sizmek Connector,2026-01-09
000005386.mdx,Microsoft Dynamics 365 Finance & Operations Connector,2026-01-09
000005391.mdx,SendGrid Webhook Connector,2026-01-09
000005397.mdx,Atara glu Connector,2026-01-09
000005399.mdx,Quandl Connector,2026-01-09
000005400.mdx,Reuters Connector,2026-01-09
000005402.mdx,Magento Connector,2026-01-09
000005403.mdx,DV 360 Connector,2026-01-09
000005404.mdx,Sumo Logic Advanced Connector,2026-01-09
000005405.mdx,XML Connector,2026-01-09
000005408.mdx,SFTP Connector,2026-01-09
000005416.mdx,Salesforce ExactTarget (Marketing Cloud) OAuth Connector,2026-01-09
000005422.mdx,Magazine Manager Connector,2026-01-09
000005425.mdx,delphi-epidata GBTW Score connector,2026-01-09
000005427.mdx,Microsoft Access SFTP Connector,2026-01-09
000005434.mdx,SAP Connector,2026-01-09
000005437.mdx,Google Bid Manager Connector,2026-01-09
000005447.mdx,Snapchat Ads Connector,2026-01-09
000005448.mdx,Xero Custom Multi Account Connector,2026-01-09
000005450.mdx,Adobe Analytics Real Time API Connector - Server to Server,2026-01-09
000005452.mdx,Sprout Social Connector,2026-01-09
000005457.mdx,Amazon S3 High Bandwidth Connector,2026-01-09
000005469.mdx,Dynamics 365 Business Central Connector,2026-01-09
000005472.mdx,JSON Webhook Advanced Connector,2026-01-09
000005478.mdx,DocuSign OAuth Connector,2026-01-09
000005484.mdx,BLS Unemployment by State Count Connector,2026-01-09
000005491.mdx,Amazon Ads Advanced Connector,2026-01-09
000005503.mdx,Microsoft SharePoint Online Rest Single Tenant Connector,2026-01-09
000005506.mdx,Slido Connector,2026-01-09
000005507.mdx,Google Ads,2026-01-09
000005509.mdx,Jamf V2 Connector,2026-01-09
000005513.mdx,Box Analytics Advanced Connector,2026-01-09
000005514.mdx,Salesforce Connector,2026-01-09
000005516.mdx,BigCommerce Writeback Connector,2026-01-09
000005517.mdx,Ad-Juster Connector,2026-01-09
000005519.mdx,ABLSoft Connector,2026-01-09
000005521.mdx,PostgreSQL Connector,2026-01-09
000005528.mdx,Google Search Ads 360 Connector,2026-01-09
000005529.mdx,Sage Intacct Enterprise Connector,2026-01-09
000005533.mdx,LiveRail Connector,2026-01-09
000005536.mdx,IoT Device Management Connector,2026-01-09
000005548.mdx,Wireless Glue IoT Connector,2026-01-09
000005549.mdx,Azure Synapse Active Directory Service Principal Connector,2026-01-09
000005556.mdx,TikTok Business Connector,2026-01-09
000005645.mdx,ModMed Connector,2026-01-09
000005694.mdx,DTCC Connector,2026-01-09
000005715.mdx,JSON Advanced Writeback Connector,2026-01-09
000005726.mdx,KnowBe4 Connector,2026-01-09
000005731.mdx,RoviTracker Connector,2026-01-09
000005740.mdx,US Census Connector,2026-01-09
000005742.mdx,Nagios Connector,2026-01-09
000005747.mdx,Marin Connector,2026-01-09
000005749.mdx,OpenText Media Management Connector,2026-01-09
000005750.mdx,Podio Simplified Connector,2026-01-09
000005754.mdx,Cin7 Connector,2026-01-09
000005758.mdx,Sitelink Connector,2026-01-09
000005761.mdx,VK Connector,2026-01-09
000005762.mdx,Verizon ThingSpace IoT Connector,2026-01-09
000005763.mdx,Amazon Web Service (AWS) EC2 Monitoring Connector,2026-01-09
000005764.mdx,WuFoo Connector,2026-01-09
000005770.mdx,Google Drive Metadata Connector,2026-01-09
000005782.mdx,MongoDB Advanced Connector,2026-01-09
000005793.mdx,Microsoft OneDrive Business Enterprise OAuth Configuration Connector,2026-01-09
000005795.mdx,Google Ads Multi Accounts Connector,2026-01-09
000005796.mdx,Litmos Connector,2026-01-09
000005803.mdx,Lithium Connector,2026-01-09
000005806.mdx,Shopify Multi Accounts Connector,2026-01-09
000005807.mdx,Microsoft Dynamics CRM Rest Enterprise OAuth Connector,2026-01-09
000005813.mdx,Teads Connector,2026-01-09
000005824.mdx,PubExchange Connector,2026-01-09
000005828.mdx,Cvent Supplier Network - Planners,2026-01-09
000005834.mdx,Linkedin Connector,2026-01-09
000005860.mdx,Use the Meta Select and Get Schema Tiles,2026-01-09
000005863.mdx,Zoho Desk Connector,2026-01-09
000005864.mdx,Create and Customize App Components in App Studio,2026-01-09
000005865.mdx,Build an AI Agent Task in Workflows,2026-01-09
000005866.mdx,Amazon S3 Parquet Connector,2026-01-09
000005870.mdx,Quickbooks Multi Account V2 Connector,2026-01-09
000005874.mdx,Introduction to Domo: A Comprehensive Overview,2026-01-09
000005875.mdx,Sign in to Domo,2026-01-09
000005879.mdx,Build Your First Dashboard | Tutorial,2026-01-09
000005892.mdx,Adobe Analytics v2 OAuth Partition Connector,2026-01-09
000005900.mdx,Access and Start Creating Content through Domo's Navigation and Main Menu,2026-01-09
000005901.mdx,Magic ETL Tiles: Disable Tiles,2026-01-09
000005902.mdx,How to Configure the Domo Mobile App with Microsoft Intune for Mobile SSO and Policy Management,2026-01-09
000005903.mdx,Consensus Connector,2026-01-09
000005904.mdx,2025 Release 4 | July,2026-01-09
000005905.mdx,Microsoft Fabric Service Principal Authentication Connector,2026-01-09
000005906.mdx,NetSuite SuiteAnalytics Connect OAuth Connector,2026-01-09
000005907.mdx,Google Sheets Metadata Connector,2026-01-09
000005909.mdx,JSON Connector,2026-01-09
000005910.mdx,Aprimo Connector,2026-01-09
000005911.mdx,Vibe Connector,2026-01-09
000005917.mdx,Sage Intacct Rest Connector,2026-01-09
000005918.mdx,Domo AI Pro,2026-01-09
000005919.mdx,Magic ETL Tiles: Split Join and Split Filter,2026-01-09
000005920.mdx,YouTube Multi Account Connector,2026-01-09
000005921.mdx,Snowflake Key Pair Domo Managed Unload Connector,2026-01-09
000005925.mdx,Google Sheets OAuth Writeback WIF Connector,2026-01-09
000005930.mdx,Use Sub Flow to Streamline Your Automations in Workflow,2026-01-09
1500000200561.mdx,Zendesk Talk Connector,2026-01-09
1500000521362.mdx,Palace Connector,2026-01-09
1500000572542.mdx,Retail Express Connector,2026-01-09
1500001383741.mdx,USGS Wildfires Connector,2026-01-09
1500003942781.mdx,Tune Advertiser Connector,2026-01-09
1500009135201.mdx,Zendesk Sell Firehose Connector,2026-01-09
1500009781442.mdx,Workshop Connector,2026-01-09
1500011035281.mdx,Aha! Connector,2026-01-09
360042922914.mdx,Standard Domo Support,2026-01-09
360042924634.mdx,Heat Map,2026-01-09
360042926334.mdx,Adalyser Connector,2026-01-09
360042926434.mdx,AppNexus Connector,2026-01-09
360042926474.mdx,BrightEdge Connector,2026-01-09
360042926654.mdx,DoubleClick Ad Exchange for Sellers Connector,2026-01-09
360042926734.mdx,Engagio Connector,2026-01-09
360042926894.mdx,Kenshoo Connector,2026-01-09
360042926914.mdx,Klaviyo Connector,2026-01-09
360042926934.mdx,Kochava Connector,2026-01-09
360042926974.mdx,Mailjet Connector,2026-01-09
360042926994.mdx,Marin Social Connector,2026-01-09
360042927114.mdx,RevContent Connector,2026-01-09
360042927154.mdx,Rubicon Project Connector,2026-01-09
360042927174.mdx,Sailthru Advanced Connector,2026-01-09
360042927314.mdx,Simply Measured Connector,2026-01-09
360042927354.mdx,Skimlinks Connector,2026-01-09
360042927374.mdx,Spredfast Conversations Connector,2026-01-09
360042927394.mdx,SpringServe Connector,2026-01-09
360042927454.mdx,Synthesio Connector,2026-01-09
360042927474.mdx,Sysomos Expion Connector,2026-01-09
360042927494.mdx,Taboola Connector,2026-01-09
360042927534.mdx,Uberflip Connector,2026-01-09
360042927594.mdx,Voluum Connector,2026-01-09
360042927634.mdx,YouGov Connector,2026-01-09
360042927714.mdx,Bidlogix Connector,2026-01-09
360042927734.mdx,KarmaCRM Connector,2026-01-09
360042927754.mdx,Magento Connector,2026-01-09
360042927794.mdx,Nutshell Connector,2026-01-09
360042927814.mdx,EDGE^ By Ascential Connector,2026-01-09
360042927854.mdx,PipelineDeals Connector,2026-01-09
360042927874.mdx,PriceSpider Connector,2026-01-09
360042927894.mdx,RetailOps Connector,2026-01-09
360042927934.mdx,Salesfusion Connector,2026-01-09
360042927954.mdx,Saleshood Connector,2026-01-09
360042927974.mdx,SalesLoft Connector,2026-01-09
360042928014.mdx,Showpad Connector,2026-01-09
360042928074.mdx,ADP Connector,2026-01-09
360042928094.mdx,Agemni Connector,2026-01-09
360042928134.mdx,GetThere Connector,2026-01-09
360042928154.mdx,GradLeaders Connector,2026-01-09
360042928174.mdx,Greenhouse Connector,2026-01-09
360042928194.mdx,HireVue Connector,2026-01-09
360042928214.mdx,Humanity Connector,2026-01-09
360042928234.mdx,Montage Connector,2026-01-09
360042928274.mdx,SmartRecruiters Connector,2026-01-09
360042928334.mdx,Expensify Connector,2026-01-09
360042928354.mdx,FreshBooks Connector,2026-01-09
360042928374.mdx,Sage Intacct Connector,2026-01-09
360042928414.mdx,QuickBooks Online Reports Advanced Connector,2026-01-09
360042928494.mdx,TaxView Pro Connector,2026-01-09
360042928574.mdx,ArcSight Connector,2026-01-09
360042928594.mdx,BlackDuck Hub Connector,2026-01-09
360042928614.mdx,Compose Connector,2026-01-09
360042928634.mdx,Database.com Connector,2026-01-09
360042928654.mdx,Firebase Connector,2026-01-09
360042928834.mdx,Loggly Advanced Connector,2026-01-09
360042928874.mdx,Monitis Connector,2026-01-09
360042928914.mdx,Atlassian OpsGenie Connector,2026-01-09
360042928954.mdx,PagerDuty Advanced Connector,2026-01-09
360042928994.mdx,Pingdom Connector,2026-01-09
360042929014.mdx,Qubole Connector,2026-01-09
360042929034.mdx,Qubole Unload Connector,2026-01-09
360042929054.mdx,RemedyForce Connector,2026-01-09
360042929074.mdx,Sentry Connector,2026-01-09
360042929214.mdx,Clavis Connector,2026-01-09
360042929334.mdx,Matomo Connector,2026-01-09
360042929354.mdx,Mist Connector,2026-01-09
360042929434.mdx,Predix Connector,2026-01-09
360042929454.mdx,SEMRush Connector,2026-01-09
360042929474.mdx,STAT Search Analytics Connector,2026-01-09
360042929494.mdx,Yieldex Connector,2026-01-09
360042929594.mdx,Ivinex Connector,2026-01-09
360042929614.mdx,LiveChat Connector,2026-01-09
360042929654.mdx,SugarCRM Connector,2026-01-09
360042929974.mdx,SlideShare Connector,2026-01-09
360042929994.mdx,Stack Exchange Connector,2026-01-09
360042930014.mdx,ProBusinessTools Connector,2026-01-09
360042930034.mdx,StumbleUpon Connector,2026-01-09
360042930294.mdx,WordPress Connector,2026-01-09
360042930334.mdx,Basecamp Connector,2026-01-09
360042930374.mdx,Clarizen Connector,2026-01-09
360042930414.mdx,ForeSee Connector,2026-01-09
360042930434.mdx,Harvest Connector,2026-01-09
360042930494.mdx,Teamwork Connector,2026-01-09
360042930514.mdx,Wrike Enterprise Connector,2026-01-09
360042930634.mdx,Openfire Connector,2026-01-09
360042930694.mdx,HappyOrNot Connector,2026-01-09
360042930714.mdx,InMoment Connector,2026-01-09
360042930834.mdx,DataGov Connector,2026-01-09
360042930854.mdx,MapQuest Traffic Connector,2026-01-09
360042930874.mdx,NOAA Historical Weather Connector,2026-01-09
360042930934.mdx,PatentsView Connector,2026-01-09
360042930994.mdx,Sunlight Labs Congress Connector,2026-01-09
360042931014.mdx,USGS Advanced Connector,2026-01-09
360042931034.mdx,USGS Earthquakes Connector,2026-01-09
360042931074.mdx,Weather Underground Connector,2026-01-09
360042931094.mdx,Unleashed Connector,2026-01-09
360042931114.mdx,iSpot.TV Connector,2026-01-09
360042931174.mdx,Sportradar Connector,2026-01-09
360042931294.mdx,MINDBODY Online Connector (DEPRECATED),2026-01-09
360042931354.mdx,Zingfit Connector,2026-01-09
360042931394.mdx,Zillow Connector,2026-01-09
360042931474.mdx,Fluxx Connector,2026-01-09
360042931514.mdx,Particle Connector,2026-01-09
360042931554.mdx,XTM Cloud Connector,2026-01-09
360042931694.mdx,Hive Connector,2026-01-09
360042932454.mdx,Outreach Writeback Connector,2026-01-09
360042932534.mdx,Workiva Writeback Connector,2026-01-09
360042933854.mdx,MailChimp Dashboard App,2026-01-09
360042933954.mdx,NOAA QuickStart App,2026-01-09
360042933974.mdx,Open Exchange Rates Dashboard App,2026-01-09
360042933994.mdx,Profit and Loss,2026-01-09
360042934034.mdx,Quandl Dashboard App,2026-01-09
360042934054.mdx,QuickBooks Online Reports QuickStart App,2026-01-09
360042934794.mdx,2016 Release 4 | May,2026-01-09
360042934814.mdx,2017 Release 5 | May,2026-01-09
360042934834.mdx,2019 Release 5 | October,2026-01-09
360042934934.mdx,2016 Release 8 | September,2026-01-09
360042936134.mdx,2016 Release 1 | January,2026-01-09
360042936174.mdx,2016 Release 6 | July,2026-01-09
360042936214.mdx,2017 Release 11 | November,2026-01-09
360042936254.mdx,2016 Release 3 | April,2026-01-09
360042936294.mdx,2016 Release 7 | August,2026-01-09
360042950514.mdx,Decipher Connector,2026-01-09
360043427573.mdx,Understanding the Customer Support Portal,2026-01-09
360043430173.mdx,Adding a Doc Card to Domo,2026-01-09
360043430453.mdx,Dayforce Connector,2026-01-09
360043430853.mdx,AvidTrak Connector,2026-01-09
360043430913.mdx,BrightRoll Connector,2026-01-09
360043430933.mdx,BuzzStream Connector,2026-01-09
360043430953.mdx,Cake Connector,2026-01-09
360043430973.mdx,Celtra Connector,2026-01-09
360043430993.mdx,Centro Connector,2026-01-09
360043431013.mdx,CheetahMail Connector,2026-01-09
360043431033.mdx,Commission Junction Connector,2026-01-09
360043431053.mdx,Comscore MMX Connector,2026-01-09
360043431073.mdx,DemandMetrics Connector,2026-01-09
360043431093.mdx,District M Connector,2026-01-09
360043431113.mdx,Dotmailer Connector,2026-01-09
360043431193.mdx,Engine Ready Connector,2026-01-09
360043431313.mdx,Hearsay Social Connector,2026-01-09
360043431353.mdx,HubSpot Webhook Connector,2026-01-09
360043431373.mdx,iContact Connector,2026-01-09
360043431393.mdx,Influitive Connector,2026-01-09
360043431433.mdx,Jomablue Connector,2026-01-09
360043431453.mdx,Listrak Connector,2026-01-09
360043431493.mdx,SearchForce Connector,2026-01-09
360043431513.mdx,Mapp Digital Connector,2026-01-09
360043431533.mdx,Marchex Connector,2026-01-09
360043431573.mdx,Maropost Connector,2026-01-09
360043431593.mdx,Moat Connector,2026-01-09
360043431613.mdx,Mongoose Metrics Connector,2026-01-09
360043431633.mdx,Moz Connector,2026-01-09
360043431653.mdx,Nativo Connector,2026-01-09
360043431693.mdx,Percolate Connector,2026-01-09
360043431713.mdx,Performance Horizon Connector,2026-01-09
360043431733.mdx,Sailthru Connector,2026-01-09
360043431793.mdx,Searchmetrics Connector,2026-01-09
360043431833.mdx,Sensor Tower Connector,2026-01-09
360043431853.mdx,SharpSpring Connector,2026-01-09
360043431913.mdx,Sizmek SAS Connector,2026-01-09
360043431953.mdx,SpotX Connector,2026-01-09
360043432013.mdx,SpyFu Connector,2026-01-09
360043432033.mdx,Sysomos Heartbeat Connector,2026-01-09
360043432093.mdx,WhatCounts Connector,2026-01-09
360043432133.mdx,Zift Solutions Connector,2026-01-09
360043432173.mdx,ChannelAdvisor Connector,2026-01-09
360043432193.mdx,ClickPoint Connector,2026-01-09
360043432233.mdx,InsideSales Connector,2026-01-09
360043432253.mdx,Outreach Connector,2026-01-09
360043432313.mdx,SalesExec Connector,2026-01-09
360043432353.mdx,SalesSeek Connector,2026-01-09
360043432453.mdx,Automatic Connector,2026-01-09
360043432473.mdx,BambooHR Advanced Connector,2026-01-09
360043432493.mdx,BrassRing Connector,2026-01-09
360043432513.mdx,Bullhorn REST Connector,2026-01-09
360043432533.mdx,Bullhorn SOAP Connector,2026-01-09
360043432553.mdx,Drchrono Connector,2026-01-09
360043432573.mdx,eQuest Connector,2026-01-09
360043432593.mdx,SAP Fieldglass Connector,2026-01-09
360043432733.mdx,BlackLine Connector,2026-01-09
360043432773.mdx,CCC One Connector,2026-01-09
360043432813.mdx,Encompass REST Connector,2026-01-09
360043432833.mdx,Kounta Connector,2026-01-09
360043432913.mdx,Paydirt Connector,2026-01-09
360043433133.mdx,AppNeta AppView Connector,2026-01-09
360043433153.mdx,AppNeta TraceView Connector,2026-01-09
360043433173.mdx,Cisco Prime Connector,2026-01-09
360043433193.mdx,Cloudability Connector,2026-01-09
360043433233.mdx,Datadog Connector,2026-01-09
360043433353.mdx,Graylog Connector,2026-01-09
360043433373.mdx,Heroku Connector,2026-01-09
360043433513.mdx,PagerDuty V2 Connector,2026-01-09
360043433633.mdx,Sysomos Connector,2026-01-09
360043433773.mdx,CallTrackingMetrics Connector,2026-01-09
360043433873.mdx,GTmetrix Connector,2026-01-09
360043433913.mdx,Kissmetrics Connector,2026-01-09
360043433933.mdx,LKQD Connector,2026-01-09
360043434013.mdx,Netbase Connector,2026-01-09
360043434053.mdx,New Relic NRQL Connector,2026-01-09
360043434073.mdx,NUVI Connector,2026-01-09
360043434113.mdx,Shareablee Connector,2026-01-09
360043434133.mdx,SocialFlow Connector,2026-01-09
360043434153.mdx,Spredfast Connector,2026-01-09
360043434193.mdx,Freshdesk Connector,2026-01-09
360043434213.mdx,inContact Connector,2026-01-09
360043434233.mdx,Jive Connector,2026-01-09
360043434253.mdx,Medallia Connector,2026-01-09
360043434273.mdx,PestRoutes Connector,2026-01-09
360043434293.mdx,PlayVox Connector,2026-01-09
360043434333.mdx,SugarCRM Connector,2026-01-09
360043434353.mdx,Teckst Connector,2026-01-09
360043434373.mdx,Totango Connector,2026-01-09
360043434393.mdx,Zendesk Sunshine Connector,2026-01-09
360043434573.mdx,Mavenlink Connector,2026-01-09
360043434633.mdx,Podio Connector,2026-01-09
360043434713.mdx,VoiceStorm Connector,2026-01-09
360043434733.mdx,WeChat Connector,2026-01-09
360043434873.mdx,BIM 360 Connector,2026-01-09
360043434913.mdx,Changepoint Connector,2026-01-09
360043435093.mdx,Workfront Advanced Connector,2026-01-09
360043435153.mdx,Dial800 Connector,2026-01-09
360043435273.mdx,HuffPost Pollster Connector,2026-01-09
360043435453.mdx,Netatmo Connector,2026-01-09
360043435473.mdx,NHTSA Connector,2026-01-09
360043435513.mdx,Pocket Connector,2026-01-09
360043435573.mdx,US Census Building Permits Connector,2026-01-09
360043435613.mdx,Booker Connector,2026-01-09
360043435633.mdx,Cargowatch Connector,2026-01-09
360043435653.mdx,Brightcove Connector,2026-01-09
360043435793.mdx,Neurio Connector,2026-01-09
360043435833.mdx,Rent Manager Connector,2026-01-09
360043435853.mdx,AdvancedMD Connector,2026-01-09
360043435873.mdx,Aventri Connector,2026-01-09
360043435893.mdx,Instructure Bridge Connector,2026-01-09
360043435913.mdx,OmegaFi Connector,2026-01-09
360043435933.mdx,Owler Connector,2026-01-09
360043436833.mdx,Workiva Connector,2026-01-09
360043438453.mdx,Meetup Dashboard App,2026-01-09
360043438513.mdx,Outbrain Dashboard App,2026-01-09
360043438573.mdx,Retail Store Performance,2026-01-09
360043438593.mdx,RunKeeper Dashboard App,2026-01-09
360043438713.mdx,Shopify Dashboard App,2026-01-09
360043439553.mdx,2016 Release 5 | June,2026-01-09
360043439573.mdx,2016 Release 2 | March,2026-01-09
360043439593.mdx,2017 Release 1 | January,2026-01-09
360043439613.mdx,2016 Release 9 | October,2026-01-09
360043440133.mdx,Effective Summary Numbers,2026-01-09
360043440173.mdx,Top 10 Dashboard Design Best Practices,2026-01-09
360043440713.mdx,2017 Release 10 | October,2026-01-09
360043872854.mdx,Mandrill Connector,2026-01-09
360044195574.mdx,Zendesk Guide Connector,2026-01-09
360044351913.mdx,HasOffers Connector,2026-01-09
360044365593.mdx,Pipeline Velocity | Implementation Guide,2026-01-09
360045179713.mdx,Spreaker Connector,2026-01-09
360045929334.mdx,Zoom Connector,2026-01-09
360048116074.mdx,2015 Release 2 | November,2026-01-09
360048116854.mdx,2015 Release 1 | October,2026-01-09
360055663713.mdx,FedEx Writeback Connector,2026-01-09
360056828174.mdx,Jama Connector,2026-01-09
360058708833.mdx,Lenos Connector,2026-01-09
360058903753.mdx,MariaDB Connector,2026-01-09
360058904553.mdx,Kontakt Connector,2026-01-09
360058904893.mdx,ALTR JDBC Connector,2026-01-09
360060476953.mdx,Awardco Connector,2026-01-09
360060597953.mdx,Workfront Writeback Connector,2026-01-09
360061648033.mdx,Clavis Edge Digital Shelf Connector,2026-01-09
360061905054.mdx,Podium Connector,2026-01-09
4402689409687.mdx,Hive Project Manager Connector,2026-01-09
4403778037399.mdx,Presto Connector,2026-01-09
4404322668951.mdx,Magento2 Connector,2026-01-09
4405765083543.mdx,HarvestApp Connector,2026-01-09
4407412515991.mdx,Emarsys Contacts Writeback Connector,2026-01-09
4408834497431.mdx,Anonomatic Augmented Writeback Connector,2026-01-09
4409812099735.mdx,Figma Connector,2026-01-09
4410240311447.mdx,inContact OAuth 2 Connector,2026-01-09
4410301215127.mdx,Emarsys Sales Writeback Connector,2026-01-09
4410615812759.mdx,Close.io Connector,2026-01-09
4414026824471.mdx,OrthoFi Connector,2026-01-09
4415872970647.mdx,Silent Passenger Connector,2026-01-09
4415975374231.mdx,Star Wars Connector,2026-01-09
4416224124439.mdx,Social Studio Connector,2026-01-09
4421871310103.mdx,VaultRE Connector,2026-01-09
4482007928983.mdx,Talkdesk Connector,2026-01-09
6618986293271.mdx,Mindbody Online REST Connector,2026-01-09
7160786911639.mdx,Intercom OAuth Connector,2026-01-09
7938129701527.mdx,Anaplan Audit Service Advanced Connector,2026-01-09
7938701190807.mdx,ApacheImpala Connector,2026-01-09
8041126473367.mdx,Databricks Using Personal Access Token Authentication Connector,2026-01-09
8182790816791.mdx,Couchbase connector,2026-01-09
8231039188375.mdx,Aurora Connector,2026-01-09
8255638008343.mdx,QuickBooks Connector,2026-01-09
8656674995991.mdx,IBM DB2 Partition Connector,2026-01-09
9133993462167.mdx,CDK Global Connector,2026-01-09
