Link,Grouping,PRD CONTENT??,Summary,Recommended New Name,Name good?,Tier,Domo Drop?,Top 5?,Master Epic,Date Name,Date Value,Product Manager_displayName
DOMO-470350,Magic Interface,Release Assets,"Add ""rows out"" telemetry for preview experience in Magic ETL",Output Row Preview,?,1,Yes,,Yes,Customer Release,9/23/26,Andrea Henderson
DOMO-472829,Magic Interface,Release Assets,Add ability to load other dataflow versions,Dataflow Versioning Updates,?,1,Yes,,Yes,Customer Release,9/23/26,Andrea Henderson
DOMO-484223,Magic Interface,Release Assets,Magic ETL - execution details heatmap,Execution Details Heatmap,,1,Yes,,Yes,Customer Release,9/23/26,Andrea Henderson
DOMO-484242,Magic Interface,Release Assets,New Magic Canvas Navigation Controls,Canvas Navigation Controls,,1,Yes,,Yes,Customer Release,9/23/26,Andrea Henderson
DOMO-456623,Magic Interface,Release Assets,Customizable window layout options for Magic ETL,Custom Window Layouts,,1,Yes,,Yes,Customer Release,9/23/26,Andrea Henderson
DOMO-456572,Magic Interface,Release Assets,Dark Mode for Magic ETL,Dark Mode,,2,Yes,,Yes,Customer Release,9/23/26,Andrea Henderson
DOMO-456610,Magic Interface,Release Assets,Persistent user-level settings across Magic ETL DataFlows,User Settings Persistence,,2,Yes,,Yes,Customer Release,9/23/26,Andrea Henderson
DOMO-467543,Magic Tiles,Release Assets,Multi-Statement SQL Tile for Magic ETL,Multi-statement SQL tile,,1,Yes,,Yes,Customer Release,9/23/26,Andrea Henderson
DOMO-469569,Magic Tiles,Release Assets,Select Columns tile enhancements in Magic ETL,Update to Select Columns tile,,1,Yes,,Yes,Customer Release,9/23/26,Andrea Henderson
DOMO-470723,Magic Tiles,Release Asssets,ETL - Classification,New AI Classification tile,,1,Yes,,Yes,Customer Release,9/23/26,Andrea Henderson
DOMO-473400,Magic Tiles,Release Assets,ETL - Sentiment Analysis,New AI Sentiment Analysis tile,,1,Yes,,Yes,Customer Release,9/23/26,Andrea Henderson
DOMO-456527,Magic Tiles,Release Assets,Convert to SQL for Magic ETL tiles,Convert tiles to SQL,,1,Yes,,Yes,Customer Release,9/23/26,Andrea Henderson
DOMO-496412,Magic Tiles,YES,Documents support in Magic ETL,Unstructured data processing (New Documents Input Tile),,2,,,Yes,Beta Available,8/27/26,Ken Boyer
DOMO-454489,>,Yes - No comms,Data Modeling Builder and Visualization integration,Domo Data Models,?,1 2?,,,Yes,Customer Release,9/23/26,Chris Wright
DOMO-473591,AI Chat,No ,AI Chat V2 - Beta,AI Chat Enhancements,AI Chat improvements,1,Yes,,Yes,Customer Release,9/23/26,Ken Boyer
DOMO-475132,>,,Case Statement Builder,Calculated Columns: Rule builder or Analyzer: Rule builder for calculated columns,,2,,,Yes,Beta Available,9/16/26,Phillip Fuchs
DOMO-464660,Cloud Integrations?,Release Assets,Global & Fiscal Calendar Enhancements,Cloud Integrations: Calendar upgrades (fiscal & internationalization),,2,,,Yes,Beta Available,9/16/26,Sam Lowen
DOMO-410705,Other,Yes - No comms,Change scope and contents of DA-SID,Bug fix: 431 Errors (no more headers too large errors),,3,,,Yes,Customer Release,9/23/26,Dan Brinton
DOMO-355383,>,Yes - No comms,Activity Log Webhook,,,2,,,Yes,Beta Available,9/16/26,Dan Brinton
DOMO-485809,MCP & AI Library: New toolkits,Yes - No comms,Discovery AI Tools,MCP: Workspaces & Alerts,MCP,2,,,Yes,Beta Available,9/16/26,Dan Brinton
DOMO-489844,MCP Workflows,Yes,MCP Trigger in Workflows,MCP: ?,,2,Yes,,Yes,Customer Release,9/23/26,Ryan Despain
DOMO-491224,MCP,Yes,MCP Automation Toolkits,MCP: ?,,2,Yes,,No,Beta Available,9/24/23,Dan Brinton
DOMO-485843,MCP,No ,DOMO Sandbox MCP Toolkit,MCP: ? ,,2,,,No,Beta Available,9/23/26,Mamta Bolaki
DOMO-485616,App Enhancements,Yes,Cross-App Communication for Custom Apps (App Broadcasting),App Broadcasting,,2,,,Yes,Beta Available,9/16/26,Khushboo
DOMO-492719,App Enhancements,Yes,"Pvariable Support for Dashboards, App Studio & Embed",,,2,,,Yes,Customer Release,9/23/26,Khushboo Khushboo
DOMO-477906,JSON No-code,Release Assets,Enable export and import of JSON connector definitions,JSON Connector Definitions,?,2,Yes,,Yes,Beta Available,9/16/26,Leema Lallmamode
DOMO-490250,Workflows Updates,YES,Code Engine Package Usage Visibility and Deletion,Code Engine Package Management?,?,2,Yes,,No,Customer Release,9/23/26,Ryan Despain
DOMO-485078,(Workflows/Automation)?,Yes - No comms,Enable DataSet Query Task to return no rows,,,3 - Combine with above,No,,No,,,Ryan - Not an Epic an Improvement
DOMO-481266,Nav?,Yes - no comms,Left Navigation Adoption - Phase 2,,"? (do we want ""phase 2""?)",1 3? 4??,,,Yes,Customer Release,9/23/26,Dan Brinton
DOMO-484119,,No ,Archived DataSets Visual Indicator & UX Improvements,Archived Dataset Improvements,?,3,No,,Yes,Customer Release,9/23/26,Leema Lallmamode
DOMO-485117,,Yes - No comms,Azure SQL | Active Directory Service Principal authentication support,,?,3,,,Yes,Customer Release,9/23/26,Sam Lowen
DOMO-463020,,Release Assets,U2M OAuth-Only Read-only integration creation for engines that support OAuth,,?,3,,,Yes,Customer Release,9/23/26,Sam Lowen
DOMO-471391,x,No ,Page support in Flutter plugin,,,4,,,Yes,Customer Release,9/23/26,Chris Wright
DOMO-355823,x,No ,React Port: Alerts,,,4,,,No,Customer Release,9/23/26,Dan Brinton
DOMO-493388,x,,Lineage stability improvements,,,4,,,No,Customer Release,9/23/26,Sam Lowen
DOMO-494876,,,Support Databricks writeback to Azure-hosted Domo instances,,?,4,,,No,Customer Release,9/23/26,Sam Lowen
DOMO-482452,Data Models,PRD,Snowflake Semantic Views,,,1,,,,Beta Available,,Phillip Fuchs
DOMO-485500,Cloud Integrations or Data Models? ,No,BigQuery Data Modeling Support,(This is a bug fix... do we name these differently?),,4,,,No,Customer Release,9/23/26,Sam Lowen
DOMO-442217,Card Embed ,No ,Card Embed Enhancements that support additional options and parameter customizations,Card Embed Enhancements,,,Yes,,Yes,Customer Release,9/23/26,Mamta Bolaki
DOMO-487308,App Enhancements,,Add app pages to card info icon,Card Location Visibility,,,,,,,,Khushboo Khushboo
DOMO-487307,App Enhancements,,Move/Copy,Move and Copy Cards,,,,,,,,Khushboo Khushboo
?,?,,?,Mason App Editor Deprication,,,,,,,,?
?,?,,?,New Chart Improvements,,,,,,,,?
DOMO-444604,?,,FormatJS for Regional Formatting,Regional Date & Number Formatting,,,,,,,,? (Shizuka)
DOMO-483713,Workflows Updates,,Improve Versioning Code Engine Functions in Workflows,Versioning Code Engine Functions,,,,,,,,Ryan Despain
?,AI Chat,,AI Chat Consumption Model,AI Chat Consumption Model,,,,,,,,Ken Boyer